Statistic,Value
Sample Mean,51.946000000000005
Sample Median,51.85
Sample Variance,0.4225346938775519
Sample Standard Deviation,0.6500266870502717
